Metric,baseline,stemming,lemmatization
AUC,0.9467353951890035,0.9514604810996564,0.9482388316151202
WSS@95,0.6977064220183486,0.6977064220183486,0.6885321100917431
F1,0.6086956521739131,0.6376811594202898,0.6470588235294118
F2,0.7446808510638298,0.7801418439716312,0.7857142857142857
Precision,0.4666666666666667,0.4888888888888889,0.5
Recall,0.875,0.9166666666666666,0.9166666666666666
