Metric,Logistic Regression,Cosine Similarity
AUC,0.9463058419243987,0.9276202749140894
WSS@95,0.6931192660550458,0.6839449541284404
F1,0.6176470588235294,0.5666666666666667
F2,0.75,0.6439393939393939
Precision,0.4772727272727273,0.4722222222222222
Recall,0.875,0.7083333333333334
