{
  "False": {
    "precision": 0.9826589595375722,
    "recall": 0.8762886597938144,
    "f1-score": 0.9264305177111717,
    "support": 194.0
  },
  "True": {
    "precision": 0.4666666666666667,
    "recall": 0.875,
    "f1-score": 0.6086956521739131,
    "support": 24.0
  },
  "accuracy": 0.8761467889908257,
  "macro avg": {
    "precision": 0.7246628131021194,
    "recall": 0.8756443298969072,
    "f1-score": 0.7675630849425423,
    "support": 218.0
  },
  "weighted avg": {
    "precision": 0.9258524685793073,
    "recall": 0.8761467889908257,
    "f1-score": 0.8914505325144092,
    "support": 218.0
  }
}