{
  "model_name": "baseline_test",
  "threshold": 0.0,
  "precision": 0.4666666666666667,
  "recall": 0.875,
  "f1": 0.6086956521739131,
  "f2": 0.7446808510638298,
  "roc_auc": 0.9467353951890035,
  "wss@95": 0.6977064220183486,
  "high_recall_threshold": 0.0,
  "high_recall_precision": 0.11009174311926606,
  "high_recall_f1": 0.19834710743801653,
  "high_recall_achieved": 1.0,
  "timestamp": "2025-04-27 16:16:05"
}