{
  "False": {
    "precision": 0.9615384615384616,
    "recall": 0.9020618556701031,
    "f1-score": 0.9308510638297872,
    "support": 194.0
  },
  "True": {
    "precision": 0.4722222222222222,
    "recall": 0.7083333333333334,
    "f1-score": 0.5666666666666667,
    "support": 24.0
  },
  "accuracy": 0.8807339449541285,
  "macro avg": {
    "precision": 0.7168803418803419,
    "recall": 0.8051975945017182,
    "f1-score": 0.7487588652482269,
    "support": 218.0
  },
  "weighted avg": {
    "precision": 0.9076687838155729,
    "recall": 0.8807339449541285,
    "f1-score": 0.8907573687292601,
    "support": 218.0
  }
}