{
  "model_name": "logreg_validation",
  "threshold": 0.0,
  "precision": 0.43137254901960786,
  "recall": 0.9166666666666666,
  "f1": 0.5866666666666667,
  "f2": 0.7482993197278912,
  "roc_auc": 0.9473797250859106,
  "wss@95": 0.6564220183486238,
  "high_recall_threshold": 0.0,
  "high_recall_precision": 0.11009174311926606,
  "high_recall_f1": 0.19834710743801653,
  "high_recall_achieved": 1.0,
  "timestamp": "2025-04-27 16:54:11"
}