{
  "False": {
    "precision": 0.9827586206896551,
    "recall": 0.8814432989690721,
    "f1-score": 0.9293478260869565,
    "support": 194.0
  },
  "True": {
    "precision": 0.4772727272727273,
    "recall": 0.875,
    "f1-score": 0.6176470588235294,
    "support": 24.0
  },
  "accuracy": 0.8807339449541285,
  "macro avg": {
    "precision": 0.7300156739811912,
    "recall": 0.8782216494845361,
    "f1-score": 0.773497442455243,
    "support": 218.0
  },
  "weighted avg": {
    "precision": 0.9271087975611861,
    "recall": 0.8807339449541285,
    "f1-score": 0.8950321452873131,
    "support": 218.0
  }
}