{
  "False": {
    "precision": 0.9880239520958084,
    "recall": 0.8505154639175257,
    "f1-score": 0.9141274238227147,
    "support": 194.0
  },
  "True": {
    "precision": 0.43137254901960786,
    "recall": 0.9166666666666666,
    "f1-score": 0.5866666666666667,
    "support": 24.0
  },
  "accuracy": 0.8577981651376146,
  "macro avg": {
    "precision": 0.7096982505577081,
    "recall": 0.8835910652920962,
    "f1-score": 0.7503970452446906,
    "support": 218.0
  },
  "weighted avg": {
    "precision": 0.9267412288213643,
    "recall": 0.8577981651376146,
    "f1-score": 0.8780766982642508,
    "support": 218.0
  }
}