{
  "model_name": "logreg_test",
  "threshold": 0.0,
  "precision": 0.4772727272727273,
  "recall": 0.875,
  "f1": 0.6176470588235294,
  "f2": 0.75,
  "roc_auc": 0.9463058419243987,
  "wss@95": 0.6931192660550458,
  "high_recall_threshold": 0.0,
  "high_recall_precision": 0.11009174311926606,
  "high_recall_f1": 0.19834710743801653,
  "high_recall_achieved": 1.0,
  "timestamp": "2025-04-27 16:54:11"
}