{
  "False": {
    "precision": 0.9821428571428571,
    "recall": 0.8505154639175257,
    "f1-score": 0.9116022099447514,
    "support": 194.0
  },
  "True": {
    "precision": 0.42,
    "recall": 0.875,
    "f1-score": 0.5675675675675675,
    "support": 24.0
  },
  "accuracy": 0.8532110091743119,
  "macro avg": {
    "precision": 0.7010714285714286,
    "recall": 0.8627577319587629,
    "f1-score": 0.7395848887561595,
    "support": 218.0
  },
  "weighted avg": {
    "precision": 0.9202555701179554,
    "recall": 0.8532110091743119,
    "f1-score": 0.8737268364720339,
    "support": 218.0
  }
}