{
  "model_name": "baseline_validation",
  "threshold": 0.0,
  "precision": 0.42,
  "recall": 0.875,
  "f1": 0.5675675675675675,
  "f2": 0.7191780821917808,
  "roc_auc": 0.9490979381443299,
  "wss@95": 0.6564220183486238,
  "high_recall_threshold": 0.0,
  "high_recall_precision": 0.11009174311926606,
  "high_recall_f1": 0.19834710743801653,
  "high_recall_achieved": 1.0,
  "timestamp": "2025-04-27 17:03:47"
}