{
  "False": {
    "precision": 0.9885057471264368,
    "recall": 0.8865979381443299,
    "f1-score": 0.9347826086956522,
    "support": 194.0
  },
  "True": {
    "precision": 0.5,
    "recall": 0.9166666666666666,
    "f1-score": 0.6470588235294118,
    "support": 24.0
  },
  "accuracy": 0.8899082568807339,
  "macro avg": {
    "precision": 0.7442528735632183,
    "recall": 0.9016323024054982,
    "f1-score": 0.790920716112532,
    "support": 218.0
  },
  "weighted avg": {
    "precision": 0.934725297901508,
    "recall": 0.8899082568807339,
    "f1-score": 0.9031065956498275,
    "support": 218.0
  }
}