{
  "model_name": "lemmatization_test",
  "threshold": 0.0,
  "precision": 0.5,
  "recall": 0.9166666666666666,
  "f1": 0.6470588235294118,
  "f2": 0.7857142857142857,
  "roc_auc": 0.9482388316151202,
  "wss@95": 0.6885321100917431,
  "high_recall_threshold": 0.0,
  "high_recall_precision": 0.11009174311926606,
  "high_recall_f1": 0.19834710743801653,
  "high_recall_achieved": 1.0,
  "timestamp": "2025-04-27 17:03:56"
}