{
  "False": {
    "precision": 0.9815950920245399,
    "recall": 0.8247422680412371,
    "f1-score": 0.896358543417367,
    "support": 194.0
  },
  "True": {
    "precision": 0.38181818181818183,
    "recall": 0.875,
    "f1-score": 0.5316455696202531,
    "support": 24.0
  },
  "accuracy": 0.8302752293577982,
  "macro avg": {
    "precision": 0.6817066369213609,
    "recall": 0.8498711340206185,
    "f1-score": 0.7140020565188101,
    "support": 218.0
  },
  "weighted avg": {
    "precision": 0.9155646064972344,
    "recall": 0.8302752293577982,
    "f1-score": 0.8562066563938315,
    "support": 218.0
  }
}