{
  "model_name": "stemming_validation",
  "threshold": 0.0,
  "precision": 0.38181818181818183,
  "recall": 0.875,
  "f1": 0.5316455696202531,
  "f2": 0.695364238410596,
  "roc_auc": 0.9448024054982818,
  "wss@95": 0.6243119266055046,
  "high_recall_threshold": 0.0,
  "high_recall_precision": 0.11009174311926606,
  "high_recall_f1": 0.19834710743801653,
  "high_recall_achieved": 1.0,
  "timestamp": "2025-04-27 17:03:51"
}