{
  "False": {
    "precision": 0.9884393063583815,
    "recall": 0.8814432989690721,
    "f1-score": 0.9318801089918256,
    "support": 194.0
  },
  "True": {
    "precision": 0.4888888888888889,
    "recall": 0.9166666666666666,
    "f1-score": 0.6376811594202898,
    "support": 24.0
  },
  "accuracy": 0.8853211009174312,
  "macro avg": {
    "precision": 0.7386640976236352,
    "recall": 0.8990549828178693,
    "f1-score": 0.7847806342060577,
    "support": 218.0
  },
  "weighted avg": {
    "precision": 0.9334429301232079,
    "recall": 0.8853211009174312,
    "f1-score": 0.8994912338096382,
    "support": 218.0
  }
}